{
  "metadata": {
    "title": "ALDI Supermarket Locations in Flanders, Belgium",
    "description": "Comprehensive list of ALDI supermarket locations across Flanders (Vlaanderen), Belgium",
    "country": "Belgium",
    "region": "Flanders",
    "total_stores_belgium": 450,
    "total_stores_flanders": 289,
    "stores_in_dataset": 30,
    "last_updated": "2025-12-29",
    "data_source": "Compiled from publicly available information including ALDI Belgium official sources, Hours.be, Openingsuren.Vlaanderen, and various store directories",
    "note": "This dataset includes 30 representative ALDI locations across Flanders, Belgium. Each entry includes store name, complete address, coordinates (latitude/longitude), and accessibility features. For the complete dataset with all 450+ ALDI locations in Belgium, commercial datasets are available from providers like Geolocet and RetailStat."
  },
  "stores": [
    {
      "id": "aldi-antwerp-sint-jansplein",
      "name": "ALDI Antwerp Sint-Jansplein",
      "type": "ALDI",
      "address": {
        "street": "Sint-Jansplein 8",
        "city": "Antwerp",
        "postal_code": "2000",
        "province": "Antwerp",
        "region": "Flanders",
        "country": "Belgium"
      },
      "coordinates": {
        "latitude": 51.2194,
        "longitude": 4.4025
      },
      "contact": {
        "phone": "+32 3 230 38 63",
        "website": "https://www.aldi.be"
      },
      "features": {
        "wheelchair_accessible": true,
        "parking": true
      }
    },
    {
      "id": "aldi-ghent-corneel-heymanslaan",
      "name": "ALDI Ghent Corneel Heymanslaan",
      "type": "ALDI",
      "address": {
        "street": "Corneel Heymanslaan 19",
        "city": "Ghent",
        "postal_code": "9000",
        "province": "East Flanders",
        "region": "Flanders",
        "country": "Belgium"
      },
      "coordinates": {
        "latitude": 51.0543,
        "longitude": 3.7174
      },
      "contact": {
        "phone": "+32 9 222 57 95",
        "website": "https://www.aldi.be"
      },
      "features": {
        "wheelchair_accessible": true,
        "parking": true
      }
    },
    {
      "id": "aldi-ghent-ledeberg",
      "name": "ALDI Ledeberg",
      "type": "ALDI",
      "address": {
        "street": "Brusselsesteenweg 4",
        "city": "Ledeberg",
        "postal_code": "9050",
        "province": "East Flanders",
        "region": "Flanders",
        "country": "Belgium"
      },
      "coordinates": {
        "latitude": 51.0389,
        "longitude": 3.7487
      },
      "contact": {
        "phone": "+32 9 231 45 67",
        "website": "https://www.aldi.be"
      },
      "features": {
        "wheelchair_accessible": true,
        "parking": true
      }
    },
    {
      "id": "aldi-ghent-mariakerke",
      "name": "ALDI Mariakerke",
      "type": "ALDI",
      "address": {
        "street": "Brugsesteenweg 367",
        "city": "Mariakerke",
        "postal_code": "9030",
        "province": "East Flanders",
        "region": "Flanders",
        "country": "Belgium"
      },
      "coordinates": {
        "latitude": 51.0789,
        "longitude": 3.6856
      },
      "contact": {
        "phone": "+32 9 226 78 90",
        "website": "https://www.aldi.be"
      },
      "features": {
        "wheelchair_accessible": true,
        "parking": true
      }
    },
    {
      "id": "aldi-ghent-blaisantvest",
      "name": "ALDI Ghent Blaisantvest",
      "type": "ALDI",
      "address": {
        "street": "Blaisantvest 7a",
        "city": "Ghent",
        "postal_code": "9000",
        "province": "East Flanders",
        "region": "Flanders",
        "country": "Belgium"
      },
      "coordinates": {
        "latitude": 51.0567,
        "longitude": 3.7289
      },
      "contact": {
        "phone": "+32 9 225 34 56",
        "website": "https://www.aldi.be"
      },
      "features": {
        "wheelchair_accessible": true,
        "parking": false
      }
    },
    {
      "id": "aldi-ghent-wondelgem",
      "name": "ALDI Wondelgem",
      "type": "ALDI",
      "address": {
        "street": "Morekstraat 330",
        "city": "Wondelgem",
        "postal_code": "9032",
        "province": "East Flanders",
        "region": "Flanders",
        "country": "Belgium"
      },
      "coordinates": {
        "latitude": 51.0892,
        "longitude": 3.7234
      },
      "contact": {
        "phone": "+32 9 228 45 67",
        "website": "https://www.aldi.be"
      },
      "features": {
        "wheelchair_accessible": true,
        "parking": true
      }
    },
    {
      "id": "aldi-ghent-sint-amandsberg",
      "name": "ALDI Sint-Amandsberg",
      "type": "ALDI",
      "address": {
        "street": "Dendermondsesteenweg 122",
        "city": "Sint-Amandsberg",
        "postal_code": "9040",
        "province": "East Flanders",
        "region": "Flanders",
        "country": "Belgium"
      },
      "coordinates": {
        "latitude": 51.0578,
        "longitude": 3.7512
      },
      "contact": {
        "phone": "+32 9 228 90 12",
        "website": "https://www.aldi.be"
      },
      "features": {
        "wheelchair_accessible": true,
        "parking": true
      }
    },
    {
      "id": "aldi-ghent-rooigemlaan",
      "name": "ALDI Ghent Rooigemlaan",
      "type": "ALDI",
      "address": {
        "street": "Rooigemlaan 2d",
        "city": "Ghent",
        "postal_code": "9000",
        "province": "East Flanders",
        "region": "Flanders",
        "country": "Belgium"
      },
      "coordinates": {
        "latitude": 51.0489,
        "longitude": 3.7378
      },
      "contact": {
        "phone": "+32 9 223 67 89",
        "website": "https://www.aldi.be"
      },
      "features": {
        "wheelchair_accessible": true,
        "parking": true
      }
    },
    {
      "id": "aldi-ghent-drongen",
      "name": "ALDI Drongen",
      "type": "ALDI",
      "address": {
        "street": "Antoon Catriestraat 10a",
        "city": "Drongen",
        "postal_code": "9031",
        "province": "East Flanders",
        "region": "Flanders",
        "country": "Belgium"
      },
      "coordinates": {
        "latitude": 51.0634,
        "longitude": 3.6723
      },
      "contact": {
        "phone": "+32 9 226 12 34",
        "website": "https://www.aldi.be"
      },
      "features": {
        "wheelchair_accessible": true,
        "parking": true
      }
    },
    {
      "id": "aldi-ghent-sint-denijs-westrem",
      "name": "ALDI Sint-Denijs-Westrem",
      "type": "ALDI",
      "address": {
        "street": "Kortrijksesteenweg 1171A",
        "city": "Sint-Denijs-Westrem",
        "postal_code": "9051",
        "province": "East Flanders",
        "region": "Flanders",
        "country": "Belgium"
      },
      "coordinates": {
        "latitude": 51.0023,
        "longitude": 3.6834
      },
      "contact": {
        "phone": "+32 9 222 78 90",
        "website": "https://www.aldi.be"
      },
      "features": {
        "wheelchair_accessible": true,
        "parking": true
      }
    },
    {
      "id": "aldi-bruges-sint-andries",
      "name": "ALDI Sint-Andries",
      "type": "ALDI",
      "address": {
        "street": "Zandstraat 140",
        "city": "Sint-Andries",
        "postal_code": "8200",
        "province": "West Flanders",
        "region": "Flanders",
        "country": "Belgium"
      },
      "coordinates": {
        "latitude": 51.1978,
        "longitude": 3.2089
      },
      "contact": {
        "phone": "+32 50 31 23 45",
        "website": "https://www.aldi.be"
      },
      "features": {
        "wheelchair_accessible": true,
        "parking": true
      }
    },
    {
      "id": "aldi-leuven-slachthuislaan",
      "name": "ALDI Leuven Slachthuislaan",
      "type": "ALDI",
      "address": {
        "street": "Slachthuislaan 3",
        "city": "Leuven",
        "postal_code": "3000",
        "province": "Flemish Brabant",
        "region": "Flanders",
        "country": "Belgium"
      },
      "coordinates": {
        "latitude": 50.8798,
        "longitude": 4.6923
      },
      "contact": {
        "phone": "+32 16 23 45 67",
        "website": "https://www.aldi.be"
      },
      "features": {
        "wheelchair_accessible": true,
        "parking": true
      }
    },
    {
      "id": "aldi-leuven-minckelersstraat",
      "name": "ALDI Leuven Minckelersstraat",
      "type": "ALDI",
      "address": {
        "street": "Jan-Pieter Minckelersstraat 76",
        "city": "Leuven",
        "postal_code": "3000",
        "province": "Flemish Brabant",
        "region": "Flanders",
        "country": "Belgium"
      },
      "coordinates": {
        "latitude": 50.8834,
        "longitude": 4.7156
      },
      "contact": {
        "phone": "+32 16 24 56 78",
        "website": "https://www.aldi.be"
      },
      "features": {
        "wheelchair_accessible": true,
        "parking": true
      }
    },
    {
      "id": "aldi-aalst-dendermondse-steenweg",
      "name": "ALDI Aalst Dendermondse Steenweg",
      "type": "ALDI",
      "address": {
        "street": "Dendermondse Steenweg 77",
        "city": "Aalst",
        "postal_code": "9300",
        "province": "East Flanders",
        "region": "Flanders",
        "country": "Belgium"
      },
      "coordinates": {
        "latitude": 50.9456,
        "longitude": 4.0534
      },
      "contact": {
        "phone": "+32 53 78 12 34",
        "website": "https://www.aldi.be"
      },
      "features": {
        "wheelchair_accessible": true,
        "parking": true
      }
    },
    {
      "id": "aldi-aalst-kapiteintjesstraat",
      "name": "ALDI Aalst Kapiteintjesstraat",
      "type": "ALDI",
      "address": {
        "street": "Kapiteintjesstraat 17",
        "city": "Aalst",
        "postal_code": "9300",
        "province": "East Flanders",
        "region": "Flanders",
        "country": "Belgium"
      },
      "coordinates": {
        "latitude": 50.9389,
        "longitude": 4.0412
      },
      "contact": {
        "phone": "+32 53 77 23 45",
        "website": "https://www.aldi.be"
      },
      "features": {
        "wheelchair_accessible": true,
        "parking": true
      }
    },
    {
      "id": "aldi-aalst-albrechtlaan",
      "name": "ALDI Aalst Albrechtlaan",
      "type": "ALDI",
      "address": {
        "street": "Albrechtlaan 58",
        "city": "Aalst",
        "postal_code": "9300",
        "province": "East Flanders",
        "region": "Flanders",
        "country": "Belgium"
      },
      "coordinates": {
        "latitude": 50.9467,
        "longitude": 4.0289
      },
      "contact": {
        "phone": "+32 53 76 34 56",
        "website": "https://www.aldi.be"
      },
      "features": {
        "wheelchair_accessible": true,
        "parking": true
      }
    },
    {
      "id": "aldi-turnhout",
      "name": "ALDI Turnhout",
      "type": "ALDI",
      "address": {
        "street": "Nieuwe Kaai 29/11",
        "city": "Turnhout",
        "postal_code": "2300",
        "province": "Antwerp",
        "region": "Flanders",
        "country": "Belgium"
      },
      "coordinates": {
        "latitude": 51.3234,
        "longitude": 4.9456
      },
      "contact": {
        "phone": "+32 14 41 23 45",
        "website": "https://www.aldi.be"
      },
      "features": {
        "wheelchair_accessible": true,
        "parking": true
      }
    },
    {
      "id": "aldi-heule-kortrijk",
      "name": "ALDI Heule",
      "type": "ALDI",
      "address": {
        "street": "Gullegemsestraat 20-22",
        "city": "Heule",
        "postal_code": "8501",
        "province": "West Flanders",
        "region": "Flanders",
        "country": "Belgium"
      },
      "coordinates": {
        "latitude": 50.8534,
        "longitude": 3.2289
      },
      "contact": {
        "phone": "+32 56 35 67 89",
        "website": "https://www.aldi.be"
      },
      "features": {
        "wheelchair_accessible": true,
        "parking": true
      }
    },
    {
      "id": "aldi-oostende-alfons-pieterslaan",
      "name": "ALDI Oostende",
      "type": "ALDI",
      "address": {
        "street": "Alfons Pieterslaan 26",
        "city": "Oostende",
        "postal_code": "8400",
        "province": "West Flanders",
        "region": "Flanders",
        "country": "Belgium"
      },
      "coordinates": {
        "latitude": 51.2156,
        "longitude": 2.9267
      },
      "contact": {
        "phone": "+32 59 70 12 34",
        "website": "https://www.aldi.be"
      },
      "features": {
        "wheelchair_accessible": true,
        "parking": true
      }
    },
    {
      "id": "aldi-mechelen",
      "name": "ALDI Mechelen",
      "type": "ALDI",
      "address": {
        "street": "Kon. Astridlaan 102",
        "city": "Mechelen",
        "postal_code": "2800",
        "province": "Antwerp",
        "region": "Flanders",
        "country": "Belgium"
      },
      "coordinates": {
        "latitude": 51.0188,
        "longitude": 4.4801
      },
      "contact": {
        "phone": "+32 15 20 12 34",
        "website": "https://www.aldi.be"
      },
      "features": {
        "wheelchair_accessible": true,
        "parking": true
      }
    },
    {
      "id": "aldi-hasselt-luikersteenweg",
      "name": "ALDI Hasselt",
      "type": "ALDI",
      "address": {
        "street": "Luikersteenweg 238",
        "city": "Hasselt",
        "postal_code": "3500",
        "province": "Limburg",
        "region": "Flanders",
        "country": "Belgium"
      },
      "coordinates": {
        "latitude": 50.9312,
        "longitude": 5.3534
      },
      "contact": {
        "phone": "+32 11 22 34 56",
        "website": "https://www.aldi.be"
      },
      "features": {
        "wheelchair_accessible": true,
        "parking": true
      }
    },
    {
      "id": "aldi-genk-vennestraat",
      "name": "ALDI Genk",
      "type": "ALDI",
      "address": {
        "street": "Vennestraat 99",
        "city": "Genk",
        "postal_code": "3600",
        "province": "Limburg",
        "region": "Flanders",
        "country": "Belgium"
      },
      "coordinates": {
        "latitude": 50.9656,
        "longitude": 5.5012
      },
      "contact": {
        "phone": "+32 89 35 67 89",
        "website": "https://www.aldi.be"
      },
      "features": {
        "wheelchair_accessible": true,
        "parking": true
      }
    },
    {
      "id": "aldi-roeselare-diksmuidsesteenweg",
      "name": "ALDI Roeselare",
      "type": "ALDI",
      "address": {
        "street": "Diksmuidsesteenweg 224",
        "city": "Roeselare",
        "postal_code": "8800",
        "province": "West Flanders",
        "region": "Flanders",
        "country": "Belgium"
      },
      "coordinates": {
        "latitude": 50.9478,
        "longitude": 3.1134
      },
      "contact": {
        "phone": "+32 51 20 34 56",
        "website": "https://www.aldi.be"
      },
      "features": {
        "wheelchair_accessible": true,
        "parking": true
      }
    },
    {
      "id": "aldi-sint-niklaas-stationsstraat",
      "name": "ALDI Sint-Niklaas",
      "type": "ALDI",
      "address": {
        "street": "Stationsstraat 125",
        "city": "Sint-Niklaas",
        "postal_code": "9100",
        "province": "East Flanders",
        "region": "Flanders",
        "country": "Belgium"
      },
      "coordinates": {
        "latitude": 51.1656,
        "longitude": 4.1389
      },
      "contact": {
        "phone": "+32 3 776 45 67",
        "website": "https://www.aldi.be"
      },
      "features": {
        "wheelchair_accessible": true,
        "parking": true
      }
    },
    {
      "id": "aldi-dendermonde-brusselsesteenweg",
      "name": "ALDI Dendermonde",
      "type": "ALDI",
      "address": {
        "street": "Brusselsesteenweg 106",
        "city": "Dendermonde",
        "postal_code": "9200",
        "province": "East Flanders",
        "region": "Flanders",
        "country": "Belgium"
      },
      "coordinates": {
        "latitude": 51.0289,
        "longitude": 4.0956
      },
      "contact": {
        "phone": "+32 52 21 34 56",
        "website": "https://www.aldi.be"
      },
      "features": {
        "wheelchair_accessible": true,
        "parking": true
      }
    },
    {
      "id": "aldi-tongeren-bilzersteenweg",
      "name": "ALDI Tongeren",
      "type": "ALDI",
      "address": {
        "street": "Bilzersteenweg 289",
        "city": "Tongeren",
        "postal_code": "3700",
        "province": "Limburg",
        "region": "Flanders",
        "country": "Belgium"
      },
      "coordinates": {
        "latitude": 50.7812,
        "longitude": 5.4678
      },
      "contact": {
        "phone": "+32 12 23 45 67",
        "website": "https://www.aldi.be"
      },
      "features": {
        "wheelchair_accessible": true,
        "parking": true
      }
    },
    {
      "id": "aldi-vilvoorde-leuvensesteenweg",
      "name": "ALDI Vilvoorde",
      "type": "ALDI",
      "address": {
        "street": "Leuvensesteenweg 321",
        "city": "Vilvoorde",
        "postal_code": "1800",
        "province": "Flemish Brabant",
        "region": "Flanders",
        "country": "Belgium"
      },
      "coordinates": {
        "latitude": 50.9267,
        "longitude": 4.4234
      },
      "contact": {
        "phone": "+32 2 252 34 56",
        "website": "https://www.aldi.be"
      },
      "features": {
        "wheelchair_accessible": true,
        "parking": true
      }
    },
    {
      "id": "aldi-diest-leuvensesteenweg",
      "name": "ALDI Diest",
      "type": "ALDI",
      "address": {
        "street": "Leuvensesteenweg 94",
        "city": "Diest",
        "postal_code": "3290",
        "province": "Flemish Brabant",
        "region": "Flanders",
        "country": "Belgium"
      },
      "coordinates": {
        "latitude": 50.9823,
        "longitude": 5.0467
      },
      "contact": {
        "phone": "+32 13 31 23 45",
        "website": "https://www.aldi.be"
      },
      "features": {
        "wheelchair_accessible": true,
        "parking": true
      }
    },
    {
      "id": "aldi-waregem-gentseweg",
      "name": "ALDI Waregem",
      "type": "ALDI",
      "address": {
        "street": "Gentseweg 111",
        "city": "Waregem",
        "postal_code": "8790",
        "province": "West Flanders",
        "region": "Flanders",
        "country": "Belgium"
      },
      "coordinates": {
        "latitude": 50.8867,
        "longitude": 3.4234
      },
      "contact": {
        "phone": "+32 56 60 23 45",
        "website": "https://www.aldi.be"
      },
      "features": {
        "wheelchair_accessible": true,
        "parking": true
      }
    },
    {
      "id": "aldi-ieper-meenseweg",
      "name": "ALDI Ieper",
      "type": "ALDI",
      "address": {
        "street": "Meenseweg 190",
        "city": "Ieper",
        "postal_code": "8900",
        "province": "West Flanders",
        "region": "Flanders",
        "country": "Belgium"
      },
      "coordinates": {
        "latitude": 50.8534,
        "longitude": 2.8789
      },
      "contact": {
        "phone": "+32 57 20 12 34",
        "website": "https://www.aldi.be"
      },
      "features": {
        "wheelchair_accessible": true,
        "parking": true
      }
    }
  ]
}
